{
  "seed": 42,
  "dataset": {
    "total_player_weeks": 140374,
    "unique_players": 10000,
    "split_sizes": {
      "train": 6997,
      "val": 1497,
      "test": 1506
    },
    "tier_distribution": {
      "developmental": 14033,
      "low": 42114,
      "mid": 56149,
      "high": 21057,
      "elite": 7021
    }
  },
  "baselines": {
    "logistic_regression": {
      "accuracy": 0.7895086321381142,
      "macro_f1": 0.7075115511129455
    },
    "random_forest": {
      "accuracy": 0.7835325365205843,
      "macro_f1": 0.678122097533764,
      "mae": 51938.84533970782,
      "rmse": 82373.57509992766,
      "r2": 0.9220932809794455
    },
    "xgboost": {
      "accuracy": 0.7828685258964143,
      "macro_f1": 0.7103304380823449,
      "mae": 52543.910075116204,
      "rmse": 84165.74113670751,
      "r2": 0.9186664387958482
    }
  },
  "bilstm_attention": {
    "mae": 63656.828125,
    "rmse": 107129.109375,
    "r2": 0.8682307600975037,
    "accuracy": 0.7702523240371846,
    "macro_f1": 0.6378505861053668,
    "ece_before": 0.01955395572847263,
    "ece_after": 0.021297879705074442,
    "volatile_cohort_mae": 76364.9140625,
    "delta_vs_xgboost": {
      "mae_pct": 21.149773654067406,
      "rmse_pct": 27.283509808336248,
      "r2_abs": -0.05043567869834453,
      "f1_abs": -0.07247985197697804
    }
  },
  "transformer_reg_only": {
    "mae": 61711.48046875,
    "rmse": 105812.7421875,
    "r2": 0.8714491128921509
  },
  "transformer_cls_only": {
    "accuracy": 0.7729083665338645,
    "macro_f1": 0.6069572178005886,
    "ece_before": 0.03321057815317456
  },
  "transformer_multitask": {
    "mae": 81850.7109375,
    "rmse": 130619.703125,
    "r2": 0.8041081428527832,
    "accuracy": 0.7675962815405046,
    "macro_f1": 0.6011764922506082,
    "ece_before": 0.03898582634222933,
    "ece_after": 0.01877282427284982
  },
  "calibration": {
    "bilstm_attention": {
      "ece_before": 0.01955395572847263,
      "ece_after": 0.021297879705074442,
      "reduction_pct": -8.918522680617883,
      "temperature": 0.9303029775619507
    },
    "transformer_multitask": {
      "ece_before": 0.03898582634222933,
      "ece_after": 0.01877282427284982,
      "reduction_pct": 51.84705305960091,
      "temperature": 0.8338531851768494
    }
  },
  "volatile_cohort": {
    "definition": "test players with weekly nil_valuation_usd CV >= 75th percentile",
    "cv_threshold": 0.21217823301493843,
    "volatile_player_count": 377,
    "xgb_mae": 60237.133220739386,
    "bilstm_mae": 76364.9140625,
    "delta_pct": 26.773818705249887
  }
}