model,temperature,ece_before,ece_after,valuation_interval_coverage_95,mean_tier_prob_std,mean_valuation_std
lstm,1.1513291597366333,0.05631310741106671,0.035291353861490904,0.0,0.04195529222488403,490.6766052246094
